{
  "map": [
    {
      "path": "map.tmx",
      "enemy_trainers": [
        { "x": 24, "y": 29, "classification": "stationary", "facing": "DOWN", "max_tiles": 2 },
        { "x": 54, "y": 16, "classification": "stationary", "facing": "UP", "max_tiles": 2 },
        { "x": 31, "y": 31, "classification": "stationary", "facing": "UP", "max_tiles": 2 }
      ],
      "teleport": [
        { "x": 24, "y": 23, "destination": "gym.tmx" }
      ],
      "player": {
        "x": 16,
        "y": 30
      }
    },
    {
      "path": "gym.tmx",
      "teleport": [
        { "x": 11, "y": 14, "destination": "map.tmx" },
        { "x": 12, "y": 14, "destination": "map.tmx" },
        { "x": 13, "y": 14, "destination": "map.tmx" }
      ],
      "roaming_mobs": [],
      "enemy_trainers": [],
      "player": {
        "x": 12,
        "y": 12
      }
    }
  ],
  "current_map": "map.tmx",
  "player": {
    "x": 16,
    "y": 30
  },
  "bag": {
    "monsters": [
      { "name": "Pikachu",   "hp": 85,  "max_hp": 100, "level": 25, "sprite_path": "menu_sprites/menusprite1.png" },
      { "name": "Charizard", "hp": 150, "max_hp": 200, "level": 36, "sprite_path": "menu_sprites/menusprite2.png" },
      { "name": "Blastoise", "hp": 120, "max_hp": 180, "level": 32, "sprite_path": "menu_sprites/menusprite3.png" },
      { "name": "Venusaur",  "hp": 90,  "max_hp": 160, "level": 30, "sprite_path": "menu_sprites/menusprite4.png" },
      { "name": "Gengar",    "hp": 110, "max_hp": 140, "level": 28, "sprite_path": "menu_sprites/menusprite5.png" },
      { "name": "Dragonite", "hp": 180, "max_hp": 220, "level": 40, "sprite_path": "menu_sprites/menusprite6.png" }
    ],
    "items": [
      { "name": "Potion",      "count": 5,  "sprite_path": "ingame_ui/potion.png" },
      { "name": "Coins",       "count": 3,  "sprite_path": "ingame_ui/coin.png" },
      { "name": "Pokeball",    "count": 10, "sprite_path": "ingame_ui/ball.png" }
    ]
  }
}
