{
  "map": [
    {
      "path": "map.tmx",
      "teleport": [
        {
          "x": 24,
          "y": 23,
          "destination": "gym.tmx"
        }
      ],
      "player": {
        "x": 16.0,
        "y": 5.0
      },
      "enemy_trainers": [
        {
          "x": 24.0,
          "y": 29.0,
          "classification": "stationary",
          "facing": "DOWN",
          "max_tiles": 2
        },
        {
          "x": 54.0,
          "y": 16.0,
          "classification": "stationary",
          "facing": "UP",
          "max_tiles": 2
        },
        {
          "x": 31.0,
          "y": 31.0,
          "classification": "stationary",
          "facing": "UP",
          "max_tiles": 2
        }
      ]
    },
    {
      "path": "gym.tmx",
      "teleport": [
        {
          "x": 11,
          "y": 14,
          "destination": "map.tmx"
        },
        {
          "x": 12,
          "y": 14,
          "destination": "map.tmx"
        },
        {
          "x": 13,
          "y": 14,
          "destination": "map.tmx"
        }
      ],
      "player": {
        "x": 12.0,
        "y": 12.0
      },
      "enemy_trainers": []
    }
  ],
  "current_map": "map.tmx",
  "player": {
    "x": 26.0,
    "y": 31.0
  },
  "bag": {
    "monsters": [
      {
        "name": "Blastoise",
        "hp": 120,
        "max_hp": 180,
        "level": 32,
        "sprite_path": "menu_sprites/menusprite3.png"
      },
      {
        "name": "Pikachu",
        "hp": 55,
        "max_hp": 100,
        "level": 25,
        "sprite_path": "menu_sprites/menusprite1.png"
      }
    ],
    "items": [
      {
        "name": "Potion",
        "count": 7,
        "sprite_path": "ingame_ui/potion.png"
      },
      {
        "name": "Coins",
        "count": 9,
        "sprite_path": "ingame_ui/coin.png"
      },
      {
        "name": "Pokeball",
        "count": 3,
        "sprite_path": "ingame_ui/ball.png"
      }
    ]
  }
}